flow_id,flow,phase,step_id,channel,branch,timing,offset_hours,condition,name,subject_a,subject_b,preheader,headline,cta_label,cta_url,sms_text,sms_link,sms_chars_est,sms_segments,tokens,file,issues
welcome,Welcome Series,1,WEL-E1,email,All,Day 0 - immediately,0,None. Branch N (past customers or offer not live) gets the no-offer alt version.,Welcome + offer,Welcome. Here's {{ WELCOME_OFFER }},"Planning beams, corbels or shutters?","Your code is inside, plus 5% back on every order and real people to call.","The whole Ekena Millwork catalog, and people who know it",Shop Ekena Millwork,https://www.architecturaldepot.com/ekena-millwork.html?utm_source=klaviyo&utm_medium=email&utm_campaign=welcome&utm_content=WEL-E1,,,,,WELCOME_OFFER first_name welcome_code,emails/WEL-E1.html,
welcome,Welcome Series,1,WEL-E2,email,All,Day 2 - 48 hours after signup,48,"Not a pro (split exits customer_type = contractor, builder, designer or architect). Skip if currently in Cart & Checkout Abandonment or Browse Abandonment.",Pick the right material,Which material fits your project?,Will faux wood look real in your room?,"Six Ekena materials, what each one is for, and how to see one in person first.","Pick the material first, then the piece",Order a material sample,https://www.architecturaldepot.com/SAMPLE-URETHANE.html?utm_source=klaviyo&utm_medium=email&utm_campaign=welcome&utm_content=WEL-E2,,,,,first_name,emails/WEL-E2.html,
welcome,Welcome Series,1,WEL-E3,email,All,Day 5 - 120 hours after signup,120,"Not a pro (split exits customer_type = contractor, builder, designer or architect). Skip if currently in Cart & Checkout Abandonment or Browse Abandonment.",Planning help: size it right,Measure twice: 4 questions before you order,Can't find your size? Design your own,"Room scale, run length, what it's fastened to, and who to call with your numbers.",Get the size right the first time,Contact our team,https://www.architecturaldepot.com/HELP.html?utm_source=klaviyo&utm_medium=email&utm_campaign=welcome&utm_content=WEL-E3,,,,,first_name,emails/WEL-E3.html,
welcome,Welcome Series,1,WEL-E4,email,All,Day 8 - 192 hours after signup,192,"Not a pro (split exits customer_type = contractor, builder, designer or architect). Branch N gets the no-offer alt version.",Offer ends in 48 hours,Your {{ WELCOME_OFFER }} ends in 48 hours,Questions before your code expires?,"A real customer's take, plus exactly how returns and price match work here.",Your welcome offer ends in 48 hours,Shop with my code,https://www.architecturaldepot.com/ekena-millwork.html?utm_source=klaviyo&utm_medium=email&utm_campaign=welcome&utm_content=WEL-E4,,,,,WELCOME_OFFER first_name welcome_code,emails/WEL-E4.html,
sms-welcome,SMS Welcome,1,SMW-S0,sms,All,Day 0 - instant reply when the subscriber confirms with Y,0,"System message: set in Klaviyo SMS settings as the opt-in confirmation reply, not built as a flow step.",Opt-in confirmation,,,,,,,"Architectural Depot: You'll get recurring automated marketing msgs. Msg frequency varies. Msg & data rates may apply. Reply HELP for help, STOP to cancel.",,154,1,,,
sms-welcome,SMS Welcome,1,SMW-S1,sms,All,Day 0 - immediately after confirmation,0,None beyond flow filters (never ordered before).,Welcome code,,,,,,,Architectural Depot: Welcome. Here's {{ WELCOME_OFFER }} with code {{ welcome_code }}. Expires in 7 days. Shop: {link} Reply STOP to opt out,https://www.architecturaldepot.com/?utm_source=klaviyo&utm_medium=sms&utm_campaign=sms-welcome&utm_content=SMW-S1,156,1,WELCOME_OFFER welcome_code,,
sms-welcome,SMS Welcome,1,SMW-S2,sms,All,Day 2 - 2pm recipient local time,48,Received fewer than 3 marketing texts in the last 7 days (frequency-cap split).,See it before you buy,,,,,,,Architectural Depot: Will faux wood beams look real? Hold a 7x10 in. Timberthane sample up to your ceiling: {link} Reply STOP to opt out,https://www.architecturaldepot.com/BM-MAT-SAMPLE.html?utm_source=klaviyo&utm_medium=sms&utm_campaign=sms-welcome&utm_content=SMW-S2,153,1,,,
sms-welcome,SMS Welcome,1,SMW-S3,sms,All,Day 6 - 11am recipient local time,144,Received fewer than 3 marketing texts in the last 7 days (frequency-cap split). Must show the code issued in S1.,Code ends tomorrow,,,,,,,Architectural Depot: Code {{ welcome_code }} for {{ WELCOME_OFFER }} ends tomorrow: {link} Sizing help: 1-888-573-3768. Reply STOP to opt out,https://www.architecturaldepot.com/?utm_source=klaviyo&utm_medium=sms&utm_campaign=sms-welcome&utm_content=SMW-S3,157,1,WELCOME_OFFER welcome_code,,
cart,Cart & Checkout Abandonment,1,CRT-E1,email,All,Hour 1 - 1 hour after Started Checkout,1,None (Smart Sending off),Your cart is saved,We saved your project picks,Questions before you check out?,"Pick up where you left off, or call us first with a size or finish question.",Your project is right where you left it,Finish my order,{{ cart_url }},,,,,cart_url first_name,emails/CRT-E1.html,
cart,Cart & Checkout Abandonment,1,CRT-S1,sms,All,Hour 2 - 2 hours after Started Checkout (10am-8pm local),2,SMS consent = subscribed,Cart saved + help line,,,,,,,Architectural Depot: Your cart is saved. Questions on size or finish? Call 1-888-573-3768 or check out here: {link} Reply STOP to opt out,{{ cart_url }},154,1,cart_url,,
cart,Cart & Checkout Abandonment,1,CRT-E2,email,Default,Day 1 - 24 hours after Started Checkout,24,"Default: checkout value < $1,000 and no made-to-order items",Quick answers before checkout,"Size, material, shipping: quick answers",Still measuring? We can help,"Sizing, materials, shipping, returns and install, answered in about two minutes.",The five questions we hear most before checkout,Finish my order,{{ cart_url }},,,,,cart_url first_name,emails/CRT-E2.html,
cart,Cart & Checkout Abandonment,1,CRT-E2A,email,A,Day 1 - 24 hours after Started Checkout,24,"Branch A: checkout value >= $1,000",Specialist note (high-value cart),A quick note about your project,Can I help you check those sizes?,"I'm a project specialist here, and I'd be glad to look over your order with you.",Want me to look over your order with you?,Review my cart,{{ cart_url }},,,,,SPECIALIST_NAME cart_url first_name,emails/CRT-E2A.html,
cart,Cart & Checkout Abandonment,1,CRT-E2B,email,B,Day 1 - 24 hours after Started Checkout,24,"Branch B: checkout value < $1,000 AND cart contains a made-to-order item",Made for you + quick answers,"Your made-to-order pieces, explained","Measure twice, order once","What built to order means for your project, plus quick answers on shipping and install.",Some of your cart is built just for you,Review my cart,{{ cart_url }},,,,,MTO_LEAD_TIME cart_url first_name,emails/CRT-E2B.html,
cart,Cart & Checkout Abandonment,1,CRT-E3,email,All,Day 3 - 72 hours after Started Checkout,72,None (all branches; duplicated into each path),Last reminder + optional incentive,Last call on your saved cart,A little extra for finishing your order,Order in the next 48 hours and earn {{ CART_INCENTIVE }} on it.,Ready to finish your project?,Finish my order,{{ cart_url }},,,,,CART_INCENTIVE cart_url first_name,emails/CRT-E3.html,
cart,Cart & Checkout Abandonment,1,CRT-S2,sms,All,Day 3 - 73 hours after Started Checkout (10am-8pm local),73,SMS consent = subscribed,Last reminder text,,,,,,,Architectural Depot: Last reminder: your cart is still saved. Sizing questions? Call 1-888-573-3768. {link} Reply STOP to opt out,{{ cart_url }},146,1,cart_url,,
browse,Browse Abandonment,1,BRW-E1C,email,C,Hour 1 - 1 hour after viewing a builder page,1,Branch C: viewed a Design Your Own builder page,Help finishing your custom design,Need a hand with your custom design?,What to measure for a custom size,"What to measure, how the builder works, and who to call with your numbers.",Let's finish your custom piece,Return to the builder,{{ product_url }},,,,,first_name product_url,emails/BRW-E1C.html,
browse,Browse Abandonment,1,BRW-E1,email,Default,Hour 2 - 2 hours after Viewed Product,2,Standard product page (not a builder page),Still planning your project?,Still planning your {{ category_name }} project?,How to know it's the right fit,"The piece you were looking at, plus three easy ways to be sure it's right.","The right piece, in the right size",See it again,{{ product_url }},,,,,first_name product_url,emails/BRW-E1.html,
browse,Browse Abandonment,1,BRW-S1,sms,All,Day 1 - 24 hours after Viewed Product (10am-8pm local),24,SMS consent = subscribed AND viewed the same product (or builder) 2+ times in the last 7 days,One helpful text,,,,,,,Architectural Depot: Still sizing up that piece? Call 1-888-573-3768 with your measurements and we'll help. {link} Reply STOP to opt out,{{ product_url }},153,1,product_url,,
browse,Browse Abandonment,1,BRW-E2,email,Default,Day 2 - 48 hours after Viewed Product,48,Standard product page; no Started Checkout or Placed Order yet,Three checks before you choose,"Size, material, finish: a quick guide",What to check before you order,"Three checks that make a beam, corbel, shutter or mantel look like it belongs.",Three checks before you choose,Keep planning,{{ product_url }},,,,,first_name product_url,emails/BRW-E2.html,
browse,Browse Abandonment,1,BRW-E2C,email,C,Day 2 - 48 hours after viewing a builder page,48,Branch C; no Started Checkout or Placed Order yet,Custom at off-the-shelf prices,"Custom size, off-the-shelf price",When a stock size is almost right,"Exactly the size your space needs, plus samples to settle the finish first.",Custom sizes at off-the-shelf prices,Design my piece,{{ product_url }},,,,,MTO_LEAD_TIME first_name product_url,emails/BRW-E2C.html,
post-purchase,Post-Purchase,1,PP-E1,email,F,Day 0 - 1 hour after order,1,First non-sample order AND no made-to-order items,Thank you + what happens next (first order),Thanks for your order. Here's what's next,You just earned Depot Dollars,"Shipping, your 5% back in Depot Dollars, and one tip for delivery day.",Thank you. Your project is underway.,Visit our help page,https://www.architecturaldepot.com/HELP.html?utm_source=klaviyo&utm_medium=email&utm_campaign=post-purchase&utm_content=PP-E1,,,,,first_name order_number,emails/PP-E1.html,
post-purchase,Post-Purchase,1,PP-E1M,email,M,Day 0 - 1 hour after order,1,Order contains at least one made-to-order item (first or repeat order),Made for you + what happens next (made-to-order),Your order is being made for you,What to expect with a made-to-order piece,Built to your specs after you order. Here's the timeline and what to check.,"Made for you, to your specs",Visit our help page,https://www.architecturaldepot.com/HELP.html?utm_source=klaviyo&utm_medium=email&utm_campaign=post-purchase&utm_content=PP-E1M,,,,,MTO_LEAD_TIME first_name order_number,emails/PP-E1M.html,
post-purchase,Post-Purchase,1,PP-E1R,email,R,Day 0 - 1 hour after order,1,Repeat non-sample order (2+ all time) AND no made-to-order items,Thanks for coming back + what happens next (repeat),Good to see you again,Another 5% back is on its way,"Thanks for coming back. Here's what's next, and a tip if this adds on to a past project.",Thanks for coming back,Visit our help page,https://www.architecturaldepot.com/HELP.html?utm_source=klaviyo&utm_medium=email&utm_campaign=post-purchase&utm_content=PP-E1R,,,,,first_name order_number,emails/PP-E1R.html,
post-purchase,Post-Purchase,1,PP-S1,sms,All,Day 0 - 2 hours after order (10am-8pm local),2,Can receive SMS marketing,Thanks + help line + install guides,,,,,,,Architectural Depot: Thanks for your order. Install guides are on each product page. Help: 1-888-573-3768 or {link} Reply STOP to opt out,https://www.architecturaldepot.com/HELP.html?utm_source=klaviyo&utm_medium=sms&utm_campaign=post-purchase&utm_content=PP-S1,154,1,,,
post-purchase,Post-Purchase,1,PP-E2,email,All,Day 5,120,None (all branches; works whether the order is in transit or still being built),Get ready to install,Get your space ready for install day,"Measure twice, install once","A short prep checklist, where to find your install guide, and who to call.",Get ready while it's on the way,Get install help,https://www.architecturaldepot.com/HELP.html?utm_source=klaviyo&utm_medium=email&utm_campaign=post-purchase&utm_content=PP-E2,,,,,first_name,emails/PP-E2.html,
post-purchase,Post-Purchase,1,PP-E3,email,All,Day 14 (made-to-order path: 10 days after the order ships),336,Has not received PP-E3 in the last 90 days (repeat buyers are not asked every order),Review request + share a photo,How did it turn out?,"A quick favor, {{ first_name|default:'there' }}",Two minutes and a few honest words help the next person planning a project.,How did it turn out?,Write a review,https://www.architecturaldepot.com/architecturaldepot-customer-reviews.html?utm_source=klaviyo&utm_medium=email&utm_campaign=post-purchase&utm_content=PP-E3,,,,,INSTAGRAM_HANDLE first_name,emails/PP-E3.html,
post-purchase,Post-Purchase,1,PP-S2,sms,All,"Day 15, 11am local (made-to-order path: 1 day after PP-E3)",360,"Can receive SMS marketing AND has not clicked the review link in PP-E3 (or no Submitted Review event, if synced)",One-tap review,,,,,,,Architectural Depot: How did your project turn out? A quick review helps the next person plan theirs: {link} Reply STOP to opt out,https://www.architecturaldepot.com/architecturaldepot-customer-reviews.html?utm_source=klaviyo&utm_medium=sms&utm_campaign=post-purchase&utm_content=PP-S2,147,1,,,
post-purchase,Post-Purchase,1,PP-E4,email,All,Day 21 (made-to-order path: 7 days after PP-E3),504,"None. If Miva sends a shipment event, also require that the order has shipped so the Depot Dollars line is true.",Complete the look + Depot Dollars ready,Your Depot Dollars are ready to use,What pairs with your {{ category_name }},"The finishing pieces for your project, and the 5% back you earned to put toward them.",The finishing pieces,Shop the finishing pieces,https://www.architecturaldepot.com/ekena-millwork.html?utm_source=klaviyo&utm_medium=email&utm_campaign=post-purchase&utm_content=PP-E4,,,,,first_name,emails/PP-E4.html,
depot-dollars,Depot Dollars Expiring,2,DD-E1,email,All,14 days before expiry - 10am local,-336,depot_dollars_balance > 0,Your balance + ideas to use it,You have {{ depot_dollars_balance }} to spend,Put your Depot Dollars toward a finishing touch,They expire {{ depot_dollars_expiration_date }}. A few good ways to use them.,You have {{ depot_dollars_balance }} in Depot Dollars,Shop finishing touches,https://www.architecturaldepot.com/ekena-millwork.html?utm_source=klaviyo&utm_medium=email&utm_campaign=depot-dollars&utm_content=DD-E1,,,,,depot_dollars_balance depot_dollars_expiration_date first_name,emails/DD-E1.html,
depot-dollars,Depot Dollars Expiring,2,DD-S1,sms,All,3 days before expiry - 11am local,-72,Can receive SMS marketing AND depot_dollars_balance > 0,Balance + expiry date,,,,,,,Architectural Depot: Use your {{ depot_dollars_balance }} in Depot Dollars by {{ depot_dollars_expiration_date }}: {link} Reply STOP to opt out,https://www.architecturaldepot.com/ekena-millwork.html?utm_source=klaviyo&utm_medium=sms&utm_campaign=depot-dollars&utm_content=DD-S1,110,1,depot_dollars_balance depot_dollars_expiration_date,,
depot-dollars,Depot Dollars Expiring,2,DD-E2,email,All,2 days before expiry - 10am local,-48,depot_dollars_balance > 0 AND Placed Order zero times since starting this flow,Last chance + how to apply,Your Depot Dollars expire in 2 days,How to use Depot Dollars at checkout,Three quick steps to use them before {{ depot_dollars_expiration_date }}.,Your Depot Dollars expire in 2 days,Use my Depot Dollars,https://www.architecturaldepot.com/ekena-millwork.html?utm_source=klaviyo&utm_medium=email&utm_campaign=depot-dollars&utm_content=DD-E2,,,,,depot_dollars_balance depot_dollars_expiration_date first_name,emails/DD-E2.html,
sample,Sample-to-Order,2,SMP-E1,email,All,Day 0 - 1 hour after order,1,None,Samples on the way: how to judge them,How to get the most from your samples,Your samples are on the way,Five quick checks that tell you more than any photo on a screen can.,A sample beats a screen,Explore Ekena Millwork,https://www.architecturaldepot.com/ekena-millwork.html?utm_source=klaviyo&utm_medium=email&utm_campaign=sample&utm_content=SMP-E1,,,,,first_name,emails/SMP-E1.html,
sample,Sample-to-Order,2,SMP-E2,email,All,Day 7,168,None,How did it look? Shop the line or go custom,How did your samples look?,From sample to finished room,"Shop the line that matched, or build a custom size if a standard one won't fit.",How did it look in your space?,Shop the collection,https://www.architecturaldepot.com/ekena-millwork.html?utm_source=klaviyo&utm_medium=email&utm_campaign=sample&utm_content=SMP-E2,,,,,first_name,emails/SMP-E2.html,
sample,Sample-to-Order,2,SMP-S1,sms,All,"Day 8, 11am local",192,Can receive SMS marketing,Sample check-in,,,,,,,Architectural Depot: How did your samples look? Found your match? Shop the line: {link} Sizing help: 1-888-573-3768. Reply STOP to opt out,https://www.architecturaldepot.com/ekena-millwork.html?utm_source=klaviyo&utm_medium=sms&utm_campaign=sample&utm_content=SMP-S1,155,1,,,
sample,Sample-to-Order,2,SMP-E3,email,All,Day 14,336,None,Planning help: what to measure,What to measure before you order,Have a real person check your sizes,"A simple measuring list by project, plus someone to check your numbers with you.",Get your sizes right the first time,Get planning help,https://www.architecturaldepot.com/HELP.html?utm_source=klaviyo&utm_medium=email&utm_campaign=sample&utm_content=SMP-E3,,,,,first_name,emails/SMP-E3.html,
sample,Sample-to-Order,2,SMP-E4,email,All,Day 30,720,None,Still planning? Ideas by room + why order here,Still planning? A few ideas to help,"Ideas for every room, and outside too","Room-by-room ideas, plus what you get when you're ready to order.",Good projects take time,Start your project,https://www.architecturaldepot.com/ekena-millwork.html?utm_source=klaviyo&utm_medium=email&utm_campaign=sample&utm_content=SMP-E4,,,,,first_name,emails/SMP-E4.html,
pro,Pro Welcome,2,PRO-E1,email,All,Day 0 - immediately,0,"If received WEL-E1 in the last 1 day, wait 1 day first. 'Trade pricing' callout shows only if {{ TRADE_PROGRAM }} is confirmed (delete otherwise).",What pros get here,What pros get at Architectural Depot,"The full Ekena catalog, one number to call","Custom sizes, specs, price match and 5% back on every order, all in one place.","The full Ekena Millwork catalog, in one place",Shop the full catalog,https://www.architecturaldepot.com/ekena-millwork.html?utm_source=klaviyo&utm_medium=email&utm_campaign=pro&utm_content=PRO-E1,,,,,TRADE_PROGRAM first_name,emails/PRO-E1.html,
pro,Pro Welcome,2,PRO-E2,email,All,Day 3 - 72 hours after entry,72,None,Specs and custom,"Specs, drawings and custom sizes",Spec it right before the client signs,"Where to find dimensions and install guides, and how to plan made-to-order time.","Spec it once, order it right",Get the catalogs,https://www.architecturaldepot.com/catalogs.html?utm_source=klaviyo&utm_medium=email&utm_campaign=pro&utm_content=PRO-E2,,,,,MTO_LEAD_TIME first_name,emails/PRO-E2.html,
pro,Pro Welcome,2,PRO-E3,email,All,Day 7 - 168 hours after entry,168,None,Samples for clients + quoting help,Put the real material in your client's hands,"Send us your list, we'll help you quote it","Samples for client presentations, and a simple way to price a whole project.","Show the real thing, then price the whole job",Order material samples,https://www.architecturaldepot.com/SAMPLE-URETHANE.html?utm_source=klaviyo&utm_medium=email&utm_campaign=pro&utm_content=PRO-E3,,,,,first_name,emails/PRO-E3.html,
pro,Pro Welcome,2,PRO-E4,email,All,Day 14 - 336 hours after entry,336,None,Where pros start: exterior and interior,Where pros start: outside and in,"Facade to ceiling, one supplier","Shutters, vents, columns and railings outside; beams, mantels and moulding in.",Outside to in: the categories to know first,Shop all Ekena Millwork,https://www.architecturaldepot.com/ekena-millwork.html?utm_source=klaviyo&utm_medium=email&utm_campaign=pro&utm_content=PRO-E4,,,,,first_name,emails/PRO-E4.html,
back-in-stock,Back in Stock + Price Drop,2,BIS-E1A,email,A,Immediately when the item is restocked,0,Branch A: item restocked (Klaviyo back-in-stock),It's back in stock,Good news: it's back in stock,The piece you were waiting on is here,"You asked us to let you know. Here it is, plus a quick size and finish check.",The piece you were waiting for is back,Shop it now,{{ product_url }},,,,,first_name product_url,emails/BIS-E1A.html,
back-in-stock,Back in Stock + Price Drop,2,BIS-E1B,email,B,Immediately when the price drop is detected,0,Branch B: price drop on an item viewed or carted in the last 30 days,Price drop on a piece you viewed,A price dropped on a piece you viewed,Good news for your project budget,The item you looked at now costs less. Here's the new price and a quick fit check.,Good news: it costs less now,See the new price,{{ product_url }},,,,,first_name product_url,emails/BIS-E1B.html,
back-in-stock,Back in Stock + Price Drop,2,BIS-S1A,sms,A,"Immediately when restocked, same time as BIS-E1A (10am-8pm local)",0,Branch A AND SMS consent = subscribed,Back-in-stock text,,,,,,,"Architectural Depot: Good news, the item you asked about is back in stock. See sizes and order here: {link} Reply STOP to opt out",{{ product_url }},146,1,product_url,,
back-in-stock,Back in Stock + Price Drop,2,BIS-S1B,sms,B,Hour 2 - 2 hours after the price drop (10am-8pm local),2,Branch B AND SMS consent = subscribed AND added the item to cart (carted only),Price drop text (carted items),,,,,,,"Architectural Depot: Good news, the price dropped on an item you added to your cart. See the new price: {link} Reply STOP to opt out",{{ product_url }},149,1,product_url,,
back-in-stock,Back in Stock + Price Drop,2,BIS-E2A,email,A,Day 2 - 48 hours after restock alert,48,Branch A AND has not Placed Order since BIS-E1A AND item still in stock,Still deciding? Help choosing,Still a fit for your project?,Questions about the piece you wanted?,"Help with size, material and install, plus a few close alternatives to compare.",Is it the right fit for your project?,Shop it now,{{ product_url }},,,,,first_name product_url,emails/BIS-E2A.html,
winback,Win-Back,3,WIN-E1,email,All,Day 0 - when the profile enters the segment,0,email_sunset is not true,What's your next project?,What's your next project?,Timberthane beams just got more realistic,"Ideas for a room, a ceiling or the front of the house, plus what's new.",What's your next project?,Get project ideas,https://www.architecturaldepot.com/blogs/?utm_source=klaviyo&utm_medium=email&utm_campaign=winback&utm_content=WIN-E1,,,,,first_name,emails/WIN-E1.html,
winback,Win-Back,3,WIN-E2,email,All,Day 7,168,email_sunset is not true AND Placed Order zero times since starting this flow,New arrivals + Depot Dollars,New shutter styles and SteelTek hardware,Your next project earns 5% back,"Fresh options for the outside of the house, and a reminder about Depot Dollars.",New for the outside of the house,See what's new,https://www.architecturaldepot.com/ekena-millwork.html?utm_source=klaviyo&utm_medium=email&utm_campaign=winback&utm_content=WIN-E2,,,,,first_name,emails/WIN-E2.html,
winback,Win-Back,3,WIN-S1,sms,All,Day 10 - 1pm local,240,Can receive SMS marketing AND Placed Order zero times since starting this flow,New Timberthane nudge,,,,,,,Architectural Depot: Next project? New Timberthane beams are even more realistic and still maintenance-free: {link} Reply STOP to opt out,https://www.architecturaldepot.com/faux-wood-beams.html?utm_source=klaviyo&utm_medium=sms&utm_campaign=winback&utm_content=WIN-S1,154,1,,,
winback,Win-Back,3,WIN-E3,email,All,Day 14,336,email_sunset is not true AND Placed Order zero times since starting this flow,Incentive + honest step-back,A little extra for your next project,We'll stop emailing so often,"{{ WINBACK_INCENTIVE }} on your next order, and a promise to email less.",A little extra for your next project,Start my next project,https://www.architecturaldepot.com/ekena-millwork.html?utm_source=klaviyo&utm_medium=email&utm_campaign=winback&utm_content=WIN-E3,,,,,WINBACK_INCENTIVE first_name,emails/WIN-E3.html,
sunset,Sunset / Re-engagement,3,SUN-E1,email,All,Day 0 - when the profile enters the segment,0,None,Still want project ideas from us?,Still want project ideas from us?,"Your inbox, your call","One click to stay, get fewer emails or step away. No hard feelings either way.",Still want project ideas from us?,Keep me subscribed,https://www.architecturaldepot.com/blogs/?utm_source=klaviyo&utm_medium=email&utm_campaign=sunset&utm_content=SUN-E1,,,,,first_name,emails/SUN-E1.html,
sunset,Sunset / Re-engagement,3,SUN-E2,email,All,Day 5,120,Clicked Email zero times since starting this flow (flow filter),Last note for now,We'll pause our emails after this one,Should we stop emailing you?,"One click keeps the project ideas coming. Otherwise, we'll step back.",We'll step back after this one,Keep me subscribed,https://www.architecturaldepot.com/blogs/?utm_source=klaviyo&utm_medium=email&utm_campaign=sunset&utm_content=SUN-E2,,,,,first_name,emails/SUN-E2.html,
